{"cameraMode":{"drawMode":0,"name":"Shaded","section":"Shading Mode"},"sceneLighting":true,"audioPlay":false,"sceneViewState":{"showFog":true,"showMaterialUpdate":false,"showSkybox":true,"showFlares":true,"showImageEffects":true,"showParticleSystems":true},"in2DMode":false,"pivot":{"x":0.8896633386611939,"y":0.3128175437450409,"z":54.89788055419922},"rotation":{"x":-0.030304839834570886,"y":-0.0009022486046887934,"z":0.00002733502878982108,"w":-0.9995400905609131},"size":33.08662796020508,"orthographic":false}