{"cameraMode":{"drawMode":0,"name":"Shaded","section":"Shading Mode"},"sceneLighting":true,"audioPlay":false,"sceneViewState":{"showFog":true,"showMaterialUpdate":false,"showSkybox":true,"showFlares":true,"showImageEffects":true,"showParticleSystems":true},"in2DMode":false,"pivot":{"x":0.07124999910593033,"y":-0.000999998301267624,"z":0.0},"rotation":{"x":-0.24809175729751588,"y":-0.027026185765862466,"z":0.0069242618046700958,"w":-0.9683348536491394},"size":0.647729754447937,"orthographic":false}