{"cameraMode":{"drawMode":0,"name":"Shaded","section":"Shading Mode"},"sceneLighting":true,"audioPlay":false,"sceneViewState":{"showFog":true,"showMaterialUpdate":false,"showSkybox":true,"showFlares":true,"showImageEffects":true,"showParticleSystems":true},"in2DMode":false,"pivot":{"x":0.0,"y":0.10000000894069672,"z":0.10000000149011612},"rotation":{"x":-0.004795018117874861,"y":-0.07732507586479187,"z":0.0003752693592105061,"w":-0.9970017671585083},"size":0.1684289127588272,"orthographic":false}