{"cameraMode":{"drawMode":0,"name":"Shaded","section":"Shading Mode"},"sceneLighting":true,"audioPlay":false,"sceneViewState":{"showFog":true,"showMaterialUpdate":false,"showSkybox":true,"showFlares":true,"showImageEffects":true,"showParticleSystems":true},"in2DMode":false,"pivot":{"x":0.0,"y":-0.2849999964237213,"z":1.399999976158142},"rotation":{"x":-0.05276858061552048,"y":-0.024865644052624704,"z":0.00131437077652663,"w":-0.9982965588569641},"size":0.5385164618492127,"orthographic":false}